{"cameraMode":{"drawMode":0,"name":"Shaded","section":"Shading Mode"},"sceneLighting":true,"audioPlay":false,"sceneViewState":{"showFog":true,"showMaterialUpdate":false,"showSkybox":true,"showFlares":true,"showImageEffects":true,"showParticleSystems":true},"in2DMode":false,"pivot":{"x":-12.933951377868653,"y":-0.8939594030380249,"z":-0.9551095962524414},"rotation":{"x":0.01819504238665104,"y":-0.002270893892273307,"z":0.0000347253808286041,"w":0.9998425245285034},"size":12.32210636138916,"orthographic":false}