{"cameraMode":{"drawMode":0,"name":"Shaded","section":"Shading Mode"},"sceneLighting":true,"audioPlay":false,"sceneViewState":{"showFog":true,"showMaterialUpdate":false,"showSkybox":true,"showFlares":true,"showImageEffects":true,"showParticleSystems":true},"in2DMode":false,"pivot":{"x":6.2228312492370609,"y":-2.212055206298828,"z":104.51509857177735},"rotation":{"x":-0.2277582436800003,"y":-0.01694362424314022,"z":0.003967513330280781,"w":-0.9735617637634277},"size":113.39856719970703,"orthographic":false}