{"cameraMode":{"drawMode":0,"name":"Shaded","section":"Shading Mode"},"sceneLighting":true,"audioPlay":false,"sceneViewState":{"showFog":true,"showMaterialUpdate":false,"showSkybox":true,"showFlares":true,"showImageEffects":true,"showParticleSystems":true},"in2DMode":false,"pivot":{"x":-88.89511108398438,"y":-127.35650634765625,"z":282.8017883300781},"rotation":{"x":-0.19801288843154908,"y":0.32842811942100527,"z":-0.07062308490276337,"w":-0.9208398461341858},"size":556.2484741210938,"orthographic":false}